Nom de l’objectif,Formations
Structurer une stratégie de communication globale afin de développer la visibilité et la cohérence de l’activité sur l’ensemble des canaux.,19 - MELILOU 3 (Formations/19%20-%20MELILOU%203%20343f28bbbd1380a69f47ed1711ac3786.csv)
"Développer une production de contenus efficace et régulière, adaptée aux cibles professionnelles et particulières.",19 - MELILOU 3 (Formations/19%20-%20MELILOU%203%20343f28bbbd1380a69f47ed1711ac3786.csv)
Renforcer la qualité et l’impact des supports de communication (print et digital) pour valoriser l’offre et l’image de marque.,19 - MELILOU 3 (Formations/19%20-%20MELILOU%203%20343f28bbbd1380a69f47ed1711ac3786.csv)
"Accroître la visibilité et générer des opportunités commerciales, en activant des leviers digitaux et locaux pertinents.",19 - MELILOU 3 (Formations/19%20-%20MELILOU%203%20343f28bbbd1380a69f47ed1711ac3786.csv)
"
Optimiser la transformation des prospects en clients et leur fidélisation, grâce à des méthodes simples de suivi et de communication.
",19 - MELILOU 3 (Formations/19%20-%20MELILOU%203%20343f28bbbd1380a69f47ed1711ac3786.csv)
onject 1,BAAG (Formations/BAAG%202eaf28bbbd1380e18fa7f96b907e02b8.csv)
obj2,BAAG (Formations/BAAG%202eaf28bbbd1380e18fa7f96b907e02b8.csv)
obj3,BAAG (Formations/BAAG%202eaf28bbbd1380e18fa7f96b907e02b8.csv)
Obejctif 1 test,Formation - X (Formations/Formation%20-%20X%20374f28bbbd1380c49077c7f2f4f273c4.csv)
Obejctif 1 test (1),Formation - X (Formations/Formation%20-%20X%20374f28bbbd1380c49077c7f2f4f273c4.csv)
Obejctif 1 test (2),Formation - X (Formations/Formation%20-%20X%20374f28bbbd1380c49077c7f2f4f273c4.csv)
Obejctif 1 test (3),Formation - X (Formations/Formation%20-%20X%20374f28bbbd1380c49077c7f2f4f273c4.csv)
Objectif 1 de la formation test,Formation - Formation Test (Formations/Formation%20-%20Formation%20Test%20375f28bbbd1380f59b49ff691ab982fa.csv)
Objectif 1 de la formation 1,Formation - Formation Test (Formations/Formation%20-%20Formation%20Test%20375f28bbbd1380f59b49ff691ab982fa.csv)
Objectif 1 de la formation 2,Formation - Formation Test (Formations/Formation%20-%20Formation%20Test%20375f28bbbd1380f59b49ff691ab982fa.csv)